plating_rowdata_index,plating_line_index,plating_line_element_index,plating_rowdata_date,plating_output_v,plating_output_a,plating_input_v,plating_input_a,plating_internal_temperature,plating_external_temperature,plating_external_humidity
1,1,1,"2021-07-14 11:53:02",3.6,4.5,0,0,0,0,0
2,1,1,"2021-07-14 11:53:02",3.6,4.5,0,0,0,0,0
3,1,1,"2021-07-14 11:53:02",3.6,4.5,0,0,0,0,0
4,1,1,"2021-07-14 11:53:02",3.6,4.5,0,0,0,0,0
5,1,1,"2021-07-14 11:53:03",3.6,4.5,0,0,0,0,0
6,1,1,"2021-07-14 11:53:03",3.6,4.5,0,0,0,0,0
7,1,1,"2021-07-14 11:53:04",3.6,4.5,0,0,0,0,0
8,1,1,"2021-07-14 11:53:04",3.6,4.5,0,0,0,0,0
9,1,1,"2021-07-14 11:53:05",3.6,4.5,0,0,0,0,0
10,1,1,"2021-07-14 11:53:05",3.6,4.5,0,0,0,0,0
11,1,1,"2021-07-14 11:53:23",3.6,4.5,0,0,0,0,0
12,1,1,"2021-07-14 11:53:24",3.6,4.5,0,0,0,0,0
13,1,1,"2021-07-14 11:53:24",3.6,4.5,0,0,0,0,0
14,1,1,"2021-07-14 11:53:24",3.6,4.5,0,0,0,0,0
15,1,1,"2021-07-14 11:53:24",3.6,4.5,0,0,0,0,0
16,1,1,"2021-07-14 11:53:25",3.6,4.5,0,0,0,0,0
17,1,1,"2021-07-14 11:53:25",3.6,4.5,0,0,0,0,0
18,1,1,"2021-07-14 11:53:26",3.6,4.5,0,0,0,0,0
19,1,1,"2021-07-14 11:53:26",3.6,4.5,0,0,0,0,0
20,1,1,"2021-07-14 11:53:27",3.6,4.5,0,0,0,0,0
21,1,1,"2021-07-14 11:53:27",3.6,4.5,0,0,0,0,0
22,1,1,"2021-07-14 11:53:27",3.6,4.5,0,0,0,0,0
23,1,1,"2021-07-14 11:53:28",3.6,4.5,0,0,0,0,0
24,1,1,"2021-07-14 11:53:28",3.6,4.5,0,0,0,0,0
25,1,1,"2021-07-14 11:53:28",3.6,4.5,0,0,0,0,0
26,1,1,"2021-07-14 11:53:29",3.6,4.5,0,0,0,0,0
27,1,1,"2021-07-14 11:53:29",3.6,4.5,0,0,0,0,0
28,1,1,"2021-07-14 11:53:30",3.6,4.5,0,0,0,0,0
29,1,1,"2021-07-14 11:53:30",3.6,4.5,0,0,0,0,0
30,1,1,"2021-07-14 11:53:31",3.6,4.5,0,0,0,0,0
31,1,1,"2021-07-14 11:53:31",3.6,4.5,0,0,0,0,0
32,1,1,"2021-07-14 11:53:31",3.6,4.5,0,0,0,0,0
33,1,1,"2021-07-14 11:53:32",3.6,4.5,0,0,0,0,0
34,1,1,"2021-07-14 11:53:32",3.6,4.5,0,0,0,0,0
35,1,1,"2021-07-14 11:53:33",3.6,4.5,0,0,0,0,0
36,1,1,"2021-07-14 11:53:33",3.6,4.5,0,0,0,0,0
37,1,1,"2021-07-14 11:53:34",3.6,4.5,0,0,0,0,0
38,1,1,"2021-07-14 11:53:34",3.6,4.5,0,0,0,0,0
39,1,1,"2021-07-14 11:53:34",3.6,4.5,0,0,0,0,0
40,1,1,"2021-07-14 11:53:35",3.6,4.5,0,0,0,0,0
41,1,1,"2021-07-14 11:53:35",3.6,4.5,0,0,0,0,0
42,1,1,"2021-07-14 11:53:35",3.6,4.5,0,0,0,0,0
43,1,1,"2021-07-14 11:53:36",3.6,4.5,0,0,0,0,0
44,1,1,"2021-07-14 11:53:36",3.6,4.5,0,0,0,0,0
45,1,1,"2021-07-14 11:53:37",3.6,4.5,0,0,0,0,0
46,1,1,"2021-07-14 11:53:37",3.6,4.5,0,0,0,0,0
47,1,1,"2021-07-14 11:53:37",3.6,4.5,0,0,0,0,0
48,1,1,"2021-07-14 11:53:38",3.6,4.5,0,0,0,0,0
49,1,1,"2021-07-14 11:53:38",3.6,4.5,0,0,0,0,0
50,1,1,"2021-07-14 11:53:39",3.6,4.5,0,0,0,0,0
51,1,1,"2021-07-14 11:53:39",3.6,4.5,0,0,0,0,0
52,1,1,"2021-07-14 11:53:39",3.6,4.5,0,0,0,0,0
53,1,1,"2021-07-14 11:53:40",3.6,4.5,0,0,0,0,0
54,1,1,"2021-07-14 11:53:40",3.6,4.5,0,0,0,0,0
55,1,1,"2021-07-14 11:53:41",3.6,4.5,0,0,0,0,0
56,1,1,"2021-07-14 11:53:41",3.6,4.5,0,0,0,0,0
57,1,1,"2021-07-14 11:53:41",3.6,4.5,0,0,0,0,0
58,1,1,"2021-07-14 11:53:42",3.6,4.5,0,0,0,0,0
59,1,1,"2021-07-14 11:53:42",3.6,4.5,0,0,0,0,0
60,1,1,"2021-07-14 11:53:43",3.6,4.5,0,0,0,0,0
61,1,1,"2021-07-14 11:53:43",3.6,4.5,0,0,0,0,0
62,1,1,"2021-07-14 11:53:43",3.6,4.5,0,0,0,0,0
63,1,1,"2021-07-14 11:53:44",3.6,4.5,0,0,0,0,0
64,1,1,"2021-07-14 11:53:44",3.6,4.5,0,0,0,0,0
65,1,1,"2021-07-14 11:53:45",3.6,4.5,0,0,0,0,0
66,1,1,"2021-07-14 11:53:45",3.6,4.5,0,0,0,0,0
67,1,1,"2021-07-14 11:53:45",3.6,4.5,0,0,0,0,0
68,1,1,"2021-07-14 11:53:46",3.6,4.5,0,0,0,0,0
69,1,1,"2021-07-14 11:53:46",3.6,4.5,0,0,0,0,0
70,1,1,"2021-07-14 11:53:47",3.6,4.5,0,0,0,0,0
71,1,1,"2021-07-14 11:53:47",3.6,4.5,0,0,0,0,0
72,1,1,"2021-07-14 11:53:47",3.6,4.5,0,0,0,0,0
73,1,1,"2021-07-14 11:53:48",3.6,4.5,0,0,0,0,0
74,1,1,"2021-07-14 11:53:48",3.6,4.5,0,0,0,0,0
75,1,1,"2021-07-14 11:53:49",3.6,4.5,0,0,0,0,0
76,1,1,"2021-07-14 11:53:49",3.6,4.5,0,0,0,0,0
77,1,1,"2021-07-14 11:53:49",3.6,4.5,0,0,0,0,0
78,1,1,"2021-07-14 11:53:50",3.6,4.5,0,0,0,0,0
79,1,1,"2021-07-14 11:53:50",3.6,4.5,0,0,0,0,0
80,1,1,"2021-07-14 11:53:51",3.6,4.5,0,0,0,0,0
81,1,1,"2021-07-14 11:53:51",3.6,4.5,0,0,0,0,0
82,1,1,"2021-07-14 11:53:51",3.6,4.5,0,0,0,0,0
83,1,1,"2021-07-14 11:53:52",3.6,4.5,0,0,0,0,0
84,1,1,"2021-07-14 11:53:52",3.6,4.5,0,0,0,0,0
85,1,1,"2021-07-14 11:53:53",3.6,4.5,0,0,0,0,0
86,1,1,"2021-07-14 11:53:53",3.6,4.5,0,0,0,0,0
87,1,1,"2021-07-14 11:53:53",3.6,4.5,0,0,0,0,0
88,1,1,"2021-07-14 11:53:54",3.6,4.5,0,0,0,0,0
89,1,1,"2021-07-14 11:53:54",3.6,4.5,0,0,0,0,0
90,1,1,"2021-07-14 11:53:55",3.6,4.5,0,0,0,0,0
91,1,1,"2021-07-14 11:53:55",3.6,4.5,0,0,0,0,0
92,1,1,"2021-07-14 11:53:55",3.6,4.5,0,0,0,0,0
93,1,1,"2021-07-14 11:53:56",3.6,4.5,0,0,0,0,0
94,1,1,"2021-07-14 11:53:56",3.6,4.5,0,0,0,0,0
95,1,1,"2021-07-14 11:53:57",3.6,4.5,0,0,0,0,0
96,1,1,"2021-07-14 11:53:57",3.6,4.5,0,0,0,0,0
97,1,1,"2021-07-14 11:53:57",3.6,4.5,0,0,0,0,0
98,1,1,"2021-07-14 11:53:58",3.6,4.5,0,0,0,0,0
99,1,1,"2021-07-14 11:53:58",3.6,4.5,0,0,0,0,0
100,1,1,"2021-07-14 11:53:59",3.6,4.5,0,0,0,0,0
101,1,1,"2021-07-14 11:53:59",3.7,4.5,0,0,0,0,0
102,1,1,"2021-07-14 11:53:59",3.6,4.5,0,0,0,0,0
103,1,1,"2021-07-14 11:54:00",3.6,4.5,0,0,0,0,0
104,1,1,"2021-07-14 11:54:00",3.6,4.5,0,0,0,0,0
105,1,1,"2021-07-14 11:54:01",3.6,4.5,0,0,0,0,0
106,1,1,"2021-07-14 11:54:01",3.6,4.5,0,0,0,0,0
107,1,1,"2021-07-14 11:54:01",3.6,4.5,0,0,0,0,0
108,1,1,"2021-07-14 11:54:02",3.6,4.5,0,0,0,0,0
109,1,1,"2021-07-14 11:54:02",3.6,4.5,0,0,0,0,0
110,1,1,"2021-07-14 11:54:03",3.6,4.5,0,0,0,0,0
111,1,1,"2021-07-14 11:54:03",3.6,4.5,0,0,0,0,0
112,1,1,"2021-07-14 11:54:04",3.5,4.5,0,0,0,0,0
113,1,1,"2021-07-14 11:54:04",3.5,4.5,0,0,0,0,0
114,1,1,"2021-07-14 11:54:04",3.5,4.5,0,0,0,0,0
115,1,1,"2021-07-14 11:54:05",3.5,4.5,0,0,0,0,0
116,1,1,"2021-07-14 11:54:05",3.6,4.5,0,0,0,0,0
117,1,1,"2021-07-14 11:54:05",3.6,4.5,0,0,0,0,0
118,1,1,"2021-07-14 11:54:06",3.6,4.5,0,0,0,0,0
119,1,1,"2021-07-14 11:54:06",3.6,4.5,0,0,0,0,0
120,1,1,"2021-07-14 11:54:07",3.6,4.5,0,0,0,0,0
121,1,1,"2021-07-14 11:54:07",3.6,4.5,0,0,0,0,0
122,1,1,"2021-07-14 11:54:08",3.6,4.5,0,0,0,0,0
123,1,1,"2021-07-14 11:54:08",3.6,4.5,0,0,0,0,0
124,1,1,"2021-07-14 11:54:08",3.6,4.5,0,0,0,0,0
125,1,1,"2021-07-14 11:54:09",3.6,4.5,0,0,0,0,0
126,1,1,"2021-07-14 11:54:09",3.6,4.5,0,0,0,0,0
127,1,1,"2021-07-14 11:54:10",3.6,4.5,0,0,0,0,0
128,1,1,"2021-07-14 11:54:10",3.6,4.5,0,0,0,0,0
129,1,1,"2021-07-14 11:54:10",3.6,4.5,0,0,0,0,0
130,1,1,"2021-07-14 11:54:11",3.6,4.5,0,0,0,0,0
131,1,1,"2021-07-14 11:54:11",3.6,4.5,0,0,0,0,0
132,1,1,"2021-07-14 11:54:12",3.6,4.5,0,0,0,0,0
133,1,1,"2021-07-14 11:54:12",3.6,4.5,0,0,0,0,0
134,1,1,"2021-07-14 11:54:12",3.6,4.5,0,0,0,0,0
135,1,1,"2021-07-14 11:54:13",3.6,4.5,0,0,0,0,0
136,1,1,"2021-07-14 11:54:13",3.6,4.5,0,0,0,0,0
137,1,1,"2021-07-14 11:54:14",3.6,4.5,0,0,0,0,0
138,1,1,"2021-07-14 11:54:14",3.6,4.5,0,0,0,0,0
139,1,1,"2021-07-14 11:54:14",3.6,4.5,0,0,0,0,0
140,1,1,"2021-07-14 11:54:15",3.6,4.5,0,0,0,0,0
141,1,1,"2021-07-14 11:54:15",3.6,4.5,0,0,0,0,0
142,1,1,"2021-07-14 11:54:16",3.6,4.5,0,0,0,0,0
143,1,1,"2021-07-14 11:54:16",3.6,4.5,0,0,0,0,0
144,1,1,"2021-07-14 11:54:16",3.6,4.5,0,0,0,0,0
145,1,1,"2021-07-14 11:54:17",3.6,4.5,0,0,0,0,0
146,1,1,"2021-07-14 11:54:17",3.6,4.5,0,0,0,0,0
147,1,1,"2021-07-14 11:54:18",3.6,4.5,0,0,0,0,0
148,1,1,"2021-07-14 11:54:18",3.6,4.5,0,0,0,0,0
149,1,1,"2021-07-14 11:54:18",3.6,4.5,0,0,0,0,0
150,1,1,"2021-07-14 11:54:19",3.6,4.5,0,0,0,0,0
151,1,1,"2021-07-14 11:54:19",3.6,4.5,0,0,0,0,0
152,1,1,"2021-07-14 11:54:20",3.6,4.5,0,0,0,0,0
153,1,1,"2021-07-14 11:54:20",3.6,4.5,0,0,0,0,0
154,1,1,"2021-07-14 11:54:20",3.6,4.5,0,0,0,0,0
155,1,1,"2021-07-14 11:54:21",3.6,4.5,0,0,0,0,0
156,1,1,"2021-07-14 11:54:21",3.6,4.5,0,0,0,0,0
157,1,1,"2021-07-14 11:54:22",3.6,4.5,0,0,0,0,0
158,1,1,"2021-07-14 11:54:22",3.6,4.5,0,0,0,0,0
159,1,1,"2021-07-14 11:54:22",3.6,4.5,0,0,0,0,0
160,1,1,"2021-07-14 11:54:59",3.6,4.5,0,0,0,0,0
161,1,1,"2021-07-14 11:54:59",3.6,4.5,0,0,0,0,0
162,1,1,"2021-07-14 11:55:00",3.6,4.5,0,0,0,0,0
163,1,1,"2021-07-14 11:55:00",3.6,4.5,0,0,0,0,0
164,1,1,"2021-07-14 11:55:00",3.6,4.5,0,0,0,0,0
165,1,1,"2021-07-14 11:55:01",3.6,4.5,0,0,0,0,0
166,1,1,"2021-07-14 11:55:01",3.5,4.5,0,0,0,0,0
167,1,1,"2021-07-14 11:55:02",3.5,4.5,0,0,0,0,0
168,1,1,"2021-07-14 11:55:02",3.5,4.5,0,0,0,0,0
169,1,1,"2021-07-14 11:55:02",3.6,4.5,0,0,0,0,0
170,1,1,"2021-07-14 11:55:03",3.6,4.5,0,0,0,0,0
171,1,1,"2021-07-14 11:55:03",3.6,4.5,0,0,0,0,0
172,1,1,"2021-07-14 11:55:04",3.6,4.5,0,0,0,0,0
173,1,1,"2021-07-14 11:55:04",3.6,4.5,0,0,0,0,0
174,1,1,"2021-07-14 11:55:04",3.6,4.5,0,0,0,0,0
175,1,1,"2021-07-14 11:55:05",3.6,4.5,0,0,0,0,0
176,1,1,"2021-07-14 11:55:05",3.6,4.5,0,0,0,0,0
177,1,1,"2021-07-14 11:55:06",3.5,4.5,0,0,0,0,0
178,1,1,"2021-07-14 11:55:06",3.5,4.5,0,0,0,0,0
179,1,1,"2021-07-14 11:55:06",3.5,4.5,0,0,0,0,0
180,1,1,"2021-07-14 11:55:07",3.5,4.5,0,0,0,0,0
181,1,1,"2021-07-14 11:55:07",3.5,4.5,0,0,0,0,0
182,1,1,"2021-07-14 11:55:08",3.6,4.5,0,0,0,0,0
183,1,1,"2021-07-14 11:55:08",3.6,4.5,0,0,0,0,0
184,1,1,"2021-07-14 11:55:08",3.6,4.5,0,0,0,0,0
185,1,1,"2021-07-14 11:55:09",3.6,4.5,0,0,0,0,0
186,1,1,"2021-07-14 11:55:09",3.6,4.5,0,0,0,0,0
187,1,1,"2021-07-14 11:55:10",3.6,4.5,0,0,0,0,0
188,1,1,"2021-07-14 11:55:10",3.6,4.5,0,0,0,0,0
189,1,1,"2021-07-14 11:55:10",3.6,4.5,0,0,0,0,0
190,1,1,"2021-07-14 11:55:11",3.6,4.5,0,0,0,0,0
191,1,1,"2021-07-14 11:55:11",3.6,4.5,0,0,0,0,0
192,1,1,"2021-07-14 11:55:12",3.6,4.5,0,0,0,0,0
193,1,1,"2021-07-14 11:55:12",3.6,4.5,0,0,0,0,0
194,1,1,"2021-07-14 11:55:12",3.6,4.5,0,0,0,0,0
195,1,1,"2021-07-14 11:55:13",3.6,4.5,0,0,0,0,0
196,1,1,"2021-07-14 11:55:13",3.6,4.5,0,0,0,0,0
197,1,1,"2021-07-14 11:55:14",3.6,4.5,0,0,0,0,0
198,1,1,"2021-07-14 11:55:14",3.6,4.5,0,0,0,0,0
199,1,1,"2021-07-14 11:55:14",3.6,4.5,0,0,0,0,0
200,1,1,"2021-07-14 11:55:15",3.6,4.5,0,0,0,0,0
201,1,1,"2021-07-14 11:55:15",3.6,4.5,0,0,0,0,0
202,1,1,"2021-07-14 11:55:16",3.6,4.5,0,0,0,0,0
203,1,1,"2021-07-14 11:55:16",3.6,4.5,0,0,0,0,0
204,1,1,"2021-07-14 11:55:16",3.6,4.5,0,0,0,0,0
205,1,1,"2021-07-14 11:55:17",3.6,4.5,0,0,0,0,0
206,1,1,"2021-07-14 11:55:17",3.6,4.5,0,0,0,0,0
207,1,1,"2021-07-14 11:55:18",3.6,4.5,0,0,0,0,0
208,1,1,"2021-07-14 11:55:18",3.6,4.5,0,0,0,0,0
209,1,1,"2021-07-14 11:55:18",3.6,4.5,0,0,0,0,0
210,1,1,"2021-07-14 11:55:19",3.6,4.5,0,0,0,0,0
211,1,1,"2021-07-14 11:55:19",3.6,4.5,0,0,0,0,0
212,1,1,"2021-07-14 11:55:20",3.6,4.5,0,0,0,0,0
213,1,1,"2021-07-14 11:55:20",3.6,4.5,0,0,0,0,0
214,1,1,"2021-07-14 11:55:20",3.6,4.5,0,0,0,0,0
215,1,1,"2021-07-14 11:55:21",3.6,4.5,0,0,0,0,0
216,1,1,"2021-07-14 11:55:21",3.6,4.5,0,0,0,0,0
217,1,1,"2021-07-14 11:55:22",3.6,4.5,0,0,0,0,0
218,1,1,"2021-07-14 11:55:22",3.6,4.5,0,0,0,0,0
219,1,1,"2021-07-14 11:55:22",3.6,4.5,0,0,0,0,0
220,1,1,"2021-07-14 11:55:23",3.6,4.5,0,0,0,0,0
221,1,1,"2021-07-14 11:55:23",3.6,4.5,0,0,0,0,0
222,1,1,"2021-07-14 11:55:24",3.6,4.5,0,0,0,0,0
223,1,1,"2021-07-14 11:55:24",3.6,4.5,0,0,0,0,0
224,1,1,"2021-07-14 11:55:24",3.6,4.5,0,0,0,0,0
225,1,1,"2021-07-14 11:55:25",3.6,4.5,0,0,0,0,0
226,1,1,"2021-07-14 11:55:25",3.6,4.5,0,0,0,0,0
227,1,1,"2021-07-14 11:55:26",3.6,4.5,0,0,0,0,0
228,1,1,"2021-07-14 11:55:26",3.6,4.5,0,0,0,0,0
229,1,1,"2021-07-14 11:55:26",3.6,4.5,0,0,0,0,0
230,1,1,"2021-07-14 11:55:27",3.6,4.5,0,0,0,0,0
231,1,1,"2021-07-14 11:55:27",3.6,4.5,0,0,0,0,0
232,1,1,"2021-07-14 11:55:28",3.6,4.5,0,0,0,0,0
233,1,1,"2021-07-14 11:55:28",3.6,4.5,0,0,0,0,0
234,1,1,"2021-07-14 11:55:28",3.6,4.5,0,0,0,0,0
235,1,1,"2021-07-14 11:55:29",3.6,4.5,0,0,0,0,0
236,1,1,"2021-07-14 11:55:29",3.6,4.5,0,0,0,0,0
237,1,1,"2021-07-14 11:55:30",3.6,4.5,0,0,0,0,0
238,1,1,"2021-07-14 11:55:30",3.6,4.5,0,0,0,0,0
239,1,1,"2021-07-14 11:55:30",3.5,4.5,0,0,0,0,0
240,1,1,"2021-07-14 11:55:31",3.6,4.5,0,0,0,0,0
241,1,1,"2021-07-14 11:55:31",3.5,4.5,0,0,0,0,0
242,1,1,"2021-07-14 11:55:32",3.5,4.5,0,0,0,0,0
243,1,1,"2021-07-14 11:55:32",3.5,4.5,0,0,0,0,0
244,1,1,"2021-07-14 11:55:32",3.5,4.5,0,0,0,0,0
245,1,1,"2021-07-14 11:55:33",3.5,4.5,0,0,0,0,0
246,1,1,"2021-07-14 11:55:33",3.5,4.5,0,0,0,0,0
247,1,1,"2021-07-14 11:55:34",3.6,4.5,0,0,0,0,0
248,1,1,"2021-07-14 11:55:34",3.5,4.5,0,0,0,0,0
249,1,1,"2021-07-14 11:55:34",3.6,4.5,0,0,0,0,0
250,1,1,"2021-07-14 11:55:35",3.5,4.5,0,0,0,0,0
251,1,1,"2021-07-14 11:55:35",3.5,4.5,0,0,0,0,0
252,1,1,"2021-07-14 11:55:36",3.5,4.5,0,0,0,0,0
253,1,1,"2021-07-14 11:55:36",3.5,4.5,0,0,0,0,0
254,1,1,"2021-07-14 11:55:37",3.6,4.5,0,0,0,0,0
255,1,1,"2021-07-14 11:55:37",3.5,4.5,0,0,0,0,0
256,1,1,"2021-07-14 11:55:37",3.5,4.5,0,0,0,0,0
257,1,1,"2021-07-14 11:55:38",3.5,4.5,0,0,0,0,0
258,1,1,"2021-07-14 11:55:38",3.5,4.5,0,0,0,0,0
259,1,1,"2021-07-14 11:55:39",3.6,4.5,0,0,0,0,0
260,1,1,"2021-07-14 11:55:39",3.6,4.5,0,0,0,0,0
261,1,1,"2021-07-14 11:55:39",3.6,4.5,0,0,0,0,0
262,1,1,"2021-07-14 11:55:40",3.6,4.5,0,0,0,0,0
263,1,1,"2021-07-14 11:55:40",3.6,4.5,0,0,0,0,0
264,1,1,"2021-07-14 11:55:41",3.6,4.5,0,0,0,0,0
265,1,1,"2021-07-14 11:55:41",3.6,4.5,0,0,0,0,0
266,1,1,"2021-07-14 11:55:41",3.6,4.5,0,0,0,0,0
267,1,1,"2021-07-14 11:55:42",3.5,4.5,0,0,0,0,0
268,1,1,"2021-07-14 11:55:42",3.6,4.5,0,0,0,0,0
269,1,1,"2021-07-14 11:55:43",3.5,4.5,0,0,0,0,0
270,1,1,"2021-07-14 11:55:43",3.5,4.5,0,0,0,0,0
271,1,1,"2021-07-14 11:55:43",3.5,4.5,0,0,0,0,0
272,1,1,"2021-07-14 11:55:44",3.5,4.5,0,0,0,0,0
273,1,1,"2021-07-14 11:55:44",3.5,4.5,0,0,0,0,0
274,1,1,"2021-07-14 11:55:45",3.5,4.5,0,0,0,0,0
275,1,1,"2021-07-14 11:55:45",3.5,4.5,0,0,0,0,0
276,1,1,"2021-07-14 11:55:45",3.6,4.5,0,0,0,0,0
277,1,1,"2021-07-14 11:55:46",3.6,4.5,0,0,0,0,0
278,1,1,"2021-07-14 11:55:46",3.5,4.5,0,0,0,0,0
279,1,1,"2021-07-14 11:55:47",3.6,4.5,0,0,0,0,0
280,1,1,"2021-07-14 11:55:47",3.5,4.5,0,0,0,0,0
281,1,1,"2021-07-14 11:55:47",3.5,4.5,0,0,0,0,0
282,1,1,"2021-07-14 11:55:48",3.6,4.5,0,0,0,0,0
283,1,1,"2021-07-14 11:55:48",3.5,4.5,0,0,0,0,0
284,1,1,"2021-07-14 11:55:49",3.5,4.5,0,0,0,0,0
285,1,1,"2021-07-14 11:55:49",3.6,4.5,0,0,0,0,0
286,1,1,"2021-07-14 11:55:49",3.6,4.5,0,0,0,0,0
287,1,1,"2021-07-14 11:55:50",3.5,4.5,0,0,0,0,0
288,1,1,"2021-07-14 11:55:50",3.6,4.5,0,0,0,0,0
289,1,1,"2021-07-14 11:55:51",3.6,4.5,0,0,0,0,0
290,1,1,"2021-07-14 11:55:51",3.6,4.5,0,0,0,0,0
291,1,1,"2021-07-14 11:55:51",3.6,4.5,0,0,0,0,0
292,1,1,"2021-07-14 11:55:52",3.6,4.5,0,0,0,0,0
293,1,1,"2021-07-14 11:55:52",3.6,4.5,0,0,0,0,0
294,1,1,"2021-07-14 11:55:53",3.6,4.5,0,0,0,0,0
295,1,1,"2021-07-14 11:55:53",3.6,4.5,0,0,0,0,0
296,1,1,"2021-07-14 11:55:53",3.6,4.5,0,0,0,0,0
297,1,1,"2021-07-14 11:55:54",3.6,4.5,0,0,0,0,0
298,1,1,"2021-07-14 11:55:54",3.6,4.5,0,0,0,0,0
299,1,1,"2021-07-14 11:55:55",3.6,4.5,0,0,0,0,0
300,1,1,"2021-07-14 11:55:55",3.6,4.5,0,0,0,0,0
301,1,1,"2021-07-14 11:55:55",3.5,4.5,0,0,0,0,0
302,1,1,"2021-07-14 11:55:56",3.5,4.5,0,0,0,0,0
303,1,1,"2021-07-14 11:55:56",3.5,4.5,0,0,0,0,0
304,1,1,"2021-07-14 11:55:57",3.5,4.5,0,0,0,0,0
305,1,1,"2021-07-14 11:55:57",3.5,4.5,0,0,0,0,0
306,1,1,"2021-07-14 11:55:57",3.5,4.5,0,0,0,0,0
307,1,1,"2021-07-14 11:55:58",3.5,4.5,0,0,0,0,0
308,1,1,"2021-07-14 11:55:58",3.5,4.5,0,0,0,0,0
309,1,1,"2021-07-14 11:55:59",3.6,4.5,0,0,0,0,0
310,1,1,"2021-07-14 11:55:59",3.6,4.5,0,0,0,0,0
311,1,1,"2021-07-14 11:55:59",3.6,4.5,0,0,0,0,0
312,1,1,"2021-07-14 11:56:00",3.5,4.5,0,0,0,0,0
313,1,1,"2021-07-14 11:56:00",3.5,4.5,0,0,0,0,0
314,1,1,"2021-07-14 11:56:01",3.5,4.5,0,0,0,0,0
315,1,1,"2021-07-14 11:56:01",3.5,4.5,0,0,0,0,0
316,1,1,"2021-07-14 11:56:01",3.5,4.5,0,0,0,0,0
317,1,1,"2021-07-14 11:56:02",3.5,4.5,0,0,0,0,0
318,1,1,"2021-07-14 11:56:02",3.5,4.5,0,0,0,0,0
319,1,1,"2021-07-14 11:56:03",3.5,4.5,0,0,0,0,0
320,1,1,"2021-07-14 11:56:03",3.5,4.5,0,0,0,0,0
321,1,1,"2021-07-14 11:56:03",3.5,4.5,0,0,0,0,0
322,1,1,"2021-07-14 11:56:04",3.5,4.5,0,0,0,0,0
323,1,1,"2021-07-14 11:56:04",3.5,4.5,0,0,0,0,0
324,1,1,"2021-07-14 11:56:05",3.5,4.5,0,0,0,0,0
325,1,1,"2021-07-14 11:56:05",3.5,4.5,0,0,0,0,0
326,1,1,"2021-07-14 11:56:05",3.5,4.5,0,0,0,0,0
327,1,1,"2021-07-14 11:56:06",3.5,4.5,0,0,0,0,0
328,1,1,"2021-07-14 11:56:06",3.5,4.5,0,0,0,0,0
329,1,1,"2021-07-14 11:56:07",3.5,4.5,0,0,0,0,0
330,1,1,"2021-07-14 11:56:07",3.5,4.5,0,0,0,0,0
331,1,1,"2021-07-14 11:56:07",3.5,4.5,0,0,0,0,0
332,1,1,"2021-07-14 11:56:08",3.5,4.5,0,0,0,0,0
333,1,1,"2021-07-14 11:56:08",3.5,4.5,0,0,0,0,0
334,1,1,"2021-07-14 11:56:09",3.5,4.5,0,0,0,0,0
335,1,1,"2021-07-14 11:56:09",3.5,4.5,0,0,0,0,0
336,1,1,"2021-07-14 11:56:09",3.5,4.5,0,0,0,0,0
337,1,1,"2021-07-14 11:56:10",3.5,4.5,0,0,0,0,0
338,1,1,"2021-07-14 11:56:10",3.5,4.5,0,0,0,0,0
339,1,1,"2021-07-14 11:56:11",3.5,4.5,0,0,0,0,0
340,1,1,"2021-07-14 11:56:11",3.6,4.5,0,0,0,0,0
341,1,1,"2021-07-14 11:56:11",3.5,4.5,0,0,0,0,0
342,1,1,"2021-07-14 11:56:12",3.5,4.5,0,0,0,0,0
343,1,1,"2021-07-14 11:56:12",3.5,4.5,0,0,0,0,0
344,1,1,"2021-07-14 11:56:13",3.5,4.5,0,0,0,0,0
345,1,1,"2021-07-14 11:56:13",3.5,4.5,0,0,0,0,0
346,1,1,"2021-07-14 11:56:13",3.5,4.5,0,0,0,0,0
347,1,1,"2021-07-14 11:56:14",3.5,4.5,0,0,0,0,0
348,1,1,"2021-07-14 11:56:14",3.6,4.5,0,0,0,0,0
349,1,1,"2021-07-14 11:56:15",3.6,4.5,0,0,0,0,0
350,1,1,"2021-07-14 11:56:15",3.5,4.5,0,0,0,0,0
351,1,1,"2021-07-14 11:56:15",3.5,4.5,0,0,0,0,0
352,1,1,"2021-07-14 11:56:16",3.6,4.5,0,0,0,0,0
353,1,1,"2021-07-14 11:56:16",3.6,4.5,0,0,0,0,0
354,1,1,"2021-07-14 11:56:17",3.6,4.5,0,0,0,0,0
355,1,1,"2021-07-14 11:56:17",3.6,4.5,0,0,0,0,0
356,1,1,"2021-07-14 11:56:18",3.6,4.5,0,0,0,0,0
357,1,1,"2021-07-14 11:56:18",3.6,4.5,0,0,0,0,0
358,1,1,"2021-07-14 11:56:18",3.6,4.5,0,0,0,0,0
359,1,1,"2021-07-14 11:56:19",3.6,4.5,0,0,0,0,0
360,1,1,"2021-07-14 11:56:19",3.5,4.5,0,0,0,0,0
361,1,1,"2021-07-14 11:56:20",3.5,4.5,0,0,0,0,0
362,1,1,"2021-07-14 11:56:20",3.5,4.5,0,0,0,0,0
363,1,1,"2021-07-14 11:56:20",3.5,4.5,0,0,0,0,0
364,1,1,"2021-07-14 11:56:21",3.5,4.5,0,0,0,0,0
365,1,1,"2021-07-14 11:56:21",3.5,4.5,0,0,0,0,0
366,1,1,"2021-07-14 11:56:22",3.5,4.5,0,0,0,0,0
367,1,1,"2021-07-14 11:56:22",3.5,4.5,0,0,0,0,0
368,1,1,"2021-07-14 11:56:22",3.5,4.5,0,0,0,0,0
369,1,1,"2021-07-14 11:56:23",3.6,4.5,0,0,0,0,0
370,1,1,"2021-07-14 11:56:23",3.6,4.5,0,0,0,0,0
371,1,1,"2021-07-14 11:56:24",3.6,4.5,0,0,0,0,0
372,1,1,"2021-07-14 11:56:24",3.6,4.5,0,0,0,0,0
373,1,1,"2021-07-14 11:56:24",3.6,4.5,0,0,0,0,0
374,1,1,"2021-07-14 11:56:25",3.6,4.5,0,0,0,0,0
375,1,1,"2021-07-14 11:56:25",3.6,4.5,0,0,0,0,0
376,1,1,"2021-07-14 11:56:26",3.6,4.5,0,0,0,0,0
377,1,1,"2021-07-14 11:56:26",3.6,4.5,0,0,0,0,0
378,1,1,"2021-07-14 11:56:26",3.6,4.5,0,0,0,0,0
379,1,1,"2021-07-14 11:56:27",3.6,4.5,0,0,0,0,0
380,1,1,"2021-07-14 11:56:27",3.6,4.5,0,0,0,0,0
381,1,1,"2021-07-14 11:56:28",3.6,4.5,0,0,0,0,0
382,1,1,"2021-07-14 11:56:28",3.6,4.5,0,0,0,0,0
383,1,1,"2021-07-14 11:56:28",3.6,4.5,0,0,0,0,0
384,1,1,"2021-07-14 11:56:29",3.6,4.5,0,0,0,0,0
385,1,1,"2021-07-14 11:56:29",3.6,4.5,0,0,0,0,0
386,1,1,"2021-07-14 11:56:30",3.6,4.5,0,0,0,0,0
387,1,1,"2021-07-14 11:56:30",3.6,4.5,0,0,0,0,0
388,1,1,"2021-07-14 11:56:30",3.6,4.5,0,0,0,0,0
389,1,1,"2021-07-14 11:56:31",3.6,4.5,0,0,0,0,0
390,1,1,"2021-07-14 11:56:31",3.6,4.5,0,0,0,0,0
391,1,1,"2021-07-14 11:56:32",3.6,4.5,0,0,0,0,0
392,1,1,"2021-07-14 11:56:32",3.6,4.5,0,0,0,0,0
393,1,1,"2021-07-14 11:56:32",3.6,4.5,0,0,0,0,0
394,1,1,"2021-07-14 11:56:33",3.6,4.5,0,0,0,0,0
395,1,1,"2021-07-14 11:56:33",3.6,4.5,0,0,0,0,0
396,1,1,"2021-07-14 11:56:34",3.6,4.5,0,0,0,0,0
397,1,1,"2021-07-14 11:56:34",3.6,4.5,0,0,0,0,0
398,1,1,"2021-07-14 11:56:34",3.5,4.5,0,0,0,0,0
399,1,1,"2021-07-14 11:56:35",3.6,4.5,0,0,0,0,0
400,1,1,"2021-07-14 11:56:35",3.5,4.5,0,0,0,0,0
401,1,1,"2021-07-14 11:56:36",3.5,4.5,0,0,0,0,0
402,1,1,"2021-07-14 11:56:36",3.5,4.5,0,0,0,0,0
403,1,1,"2021-07-14 11:56:36",3.5,4.5,0,0,0,0,0
404,1,1,"2021-07-14 11:56:37",3.5,4.5,0,0,0,0,0
405,1,1,"2021-07-14 11:56:37",3.6,4.5,0,0,0,0,0
406,1,1,"2021-07-14 11:56:38",3.5,4.5,0,0,0,0,0
407,1,1,"2021-07-14 11:56:38",3.6,4.5,0,0,0,0,0
408,1,1,"2021-07-14 11:56:38",3.5,4.5,0,0,0,0,0
409,1,1,"2021-07-14 11:56:39",3.5,4.5,0,0,0,0,0
410,1,1,"2021-07-14 11:56:39",3.5,4.5,0,0,0,0,0
411,1,1,"2021-07-14 11:56:40",3.6,4.5,0,0,0,0,0
412,1,1,"2021-07-14 11:56:40",3.5,4.5,0,0,0,0,0
413,1,1,"2021-07-14 11:56:40",3.6,4.5,0,0,0,0,0
414,1,1,"2021-07-14 11:56:41",3.6,4.5,0,0,0,0,0
415,1,1,"2021-07-14 11:56:41",3.6,4.5,0,0,0,0,0
416,1,1,"2021-07-14 11:56:42",3.6,4.5,0,0,0,0,0
417,1,1,"2021-07-14 11:56:42",3.6,4.5,0,0,0,0,0
418,1,1,"2021-07-14 11:56:42",3.6,4.5,0,0,0,0,0
419,1,1,"2021-07-14 11:56:43",3.6,4.5,0,0,0,0,0
420,1,1,"2021-07-14 11:56:43",3.5,4.5,0,0,0,0,0
421,1,1,"2021-07-14 11:56:44",3.6,4.5,0,0,0,0,0
422,1,1,"2021-07-14 11:56:44",3.6,4.5,0,0,0,0,0
423,1,1,"2021-07-14 11:56:44",3.6,4.5,0,0,0,0,0
424,1,1,"2021-07-14 11:56:45",3.5,4.5,0,0,0,0,0
425,1,1,"2021-07-14 11:56:45",3.6,4.5,0,0,0,0,0
426,1,1,"2021-07-14 11:56:46",3.6,4.5,0,0,0,0,0
427,1,1,"2021-07-14 11:56:46",3.5,4.5,0,0,0,0,0
428,1,1,"2021-07-14 11:56:47",3.6,4.5,0,0,0,0,0
429,1,1,"2021-07-14 11:56:47",3.6,4.5,0,0,0,0,0
430,1,1,"2021-07-14 11:56:47",3.5,4.5,0,0,0,0,0
431,1,1,"2021-07-14 11:56:48",3.5,4.5,0,0,0,0,0
432,1,1,"2021-07-14 11:56:48",3.5,4.5,0,0,0,0,0
433,1,1,"2021-07-14 11:56:48",3.5,4.5,0,0,0,0,0
434,1,1,"2021-07-14 11:56:49",3.6,4.5,0,0,0,0,0
435,1,1,"2021-07-14 11:56:49",3.5,4.5,0,0,0,0,0
436,1,1,"2021-07-14 11:56:50",3.6,4.5,0,0,0,0,0
437,1,1,"2021-07-14 11:56:50",3.5,4.5,0,0,0,0,0
438,1,1,"2021-07-14 11:56:50",3.5,4.5,0,0,0,0,0
439,1,1,"2021-07-14 11:56:51",3.5,4.5,0,0,0,0,0
440,1,1,"2021-07-14 11:56:51",3.5,4.5,0,0,0,0,0
441,1,1,"2021-07-14 11:56:52",3.6,4.5,0,0,0,0,0
442,1,1,"2021-07-14 11:56:52",3.5,4.5,0,0,0,0,0
443,1,1,"2021-07-14 11:56:52",3.6,4.5,0,0,0,0,0
444,1,1,"2021-07-14 11:56:53",3.6,4.5,0,0,0,0,0
445,1,1,"2021-07-14 11:56:53",3.5,4.5,0,0,0,0,0
446,1,1,"2021-07-14 11:56:54",3.6,4.5,0,0,0,0,0
447,1,1,"2021-07-14 11:56:54",3.6,4.5,0,0,0,0,0
448,1,1,"2021-07-14 11:56:55",3.6,4.5,0,0,0,0,0
449,1,1,"2021-07-14 11:56:55",3.6,4.5,0,0,0,0,0
450,1,1,"2021-07-14 11:56:55",3.5,4.5,0,0,0,0,0
451,1,1,"2021-07-14 11:56:56",3.5,4.5,0,0,0,0,0
452,1,1,"2021-07-14 11:56:56",3.5,4.5,0,0,0,0,0
453,1,1,"2021-07-14 11:56:57",3.5,4.5,0,0,0,0,0
454,1,1,"2021-07-14 11:56:57",3.5,4.5,0,0,0,0,0
455,1,1,"2021-07-14 11:56:57",3.5,4.5,0,0,0,0,0
456,1,1,"2021-07-14 11:56:58",3.5,4.5,0,0,0,0,0
457,1,1,"2021-07-14 11:56:58",3.5,4.5,0,0,0,0,0
458,1,1,"2021-07-14 11:56:59",3.5,4.5,0,0,0,0,0
459,1,1,"2021-07-14 11:57:43",3.6,4.5,0,0,0,0,0
460,1,1,"2021-07-14 11:57:44",3.5,4.5,0,0,0,0,0
461,1,1,"2021-07-14 11:57:44",3.6,4.5,0,0,0,0,0
462,1,1,"2021-07-14 11:57:44",3.6,4.5,0,0,0,0,0
463,1,1,"2021-07-14 11:57:45",3.6,4.5,0,0,0,0,0
464,1,1,"2021-07-14 11:57:45",3.6,4.5,0,0,0,0,0
465,1,1,"2021-07-14 11:57:46",3.6,4.5,0,0,0,0,0
466,1,1,"2021-07-14 11:57:46",3.6,4.5,0,0,0,0,0
467,1,1,"2021-07-14 11:57:46",3.6,4.5,0,0,0,0,0
468,1,1,"2021-07-14 11:57:47",3.6,4.5,0,0,0,0,0
469,1,1,"2021-07-14 11:57:47",3.6,4.5,0,0,0,0,0
470,1,1,"2021-07-14 11:57:48",3.6,4.5,0,0,0,0,0
471,1,1,"2021-07-14 11:57:48",3.5,4.5,0,0,0,0,0
472,1,1,"2021-07-14 11:57:48",3.5,4.5,0,0,0,0,0
473,1,1,"2021-07-14 11:57:49",3.5,4.5,0,0,0,0,0
474,1,1,"2021-07-14 11:57:49",3.6,4.5,0,0,0,0,0
475,1,1,"2021-07-14 11:57:50",3.6,4.5,0,0,0,0,0
476,1,1,"2021-07-14 11:57:50",3.6,4.5,0,0,0,0,0
477,1,1,"2021-07-14 11:57:51",3.6,4.5,0,0,0,0,0
478,1,1,"2021-07-14 11:57:51",3.6,4.5,0,0,0,0,0
479,1,1,"2021-07-14 11:57:51",3.6,4.5,0,0,0,0,0
480,1,1,"2021-07-14 11:57:52",3.6,4.5,0,0,0,0,0
481,1,1,"2021-07-14 11:57:52",3.6,4.5,0,0,0,0,0
482,1,1,"2021-07-14 11:57:53",3.6,4.5,0,0,0,0,0
483,1,1,"2021-07-14 11:57:53",3.6,4.5,0,0,0,0,0
484,1,1,"2021-07-14 11:57:53",3.6,4.5,0,0,0,0,0
485,1,1,"2021-07-14 11:57:54",3.6,4.5,0,0,0,0,0
486,1,1,"2021-07-14 11:57:54",3.6,4.5,0,0,0,0,0
487,1,1,"2021-07-14 11:57:55",3.5,4.5,0,0,0,0,0
488,1,1,"2021-07-14 11:57:55",3.6,4.5,0,0,0,0,0
489,1,1,"2021-07-14 11:57:55",3.6,4.5,0,0,0,0,0
490,1,1,"2021-07-14 11:57:56",3.6,4.5,0,0,0,0,0
491,1,1,"2021-07-14 11:57:56",3.6,4.5,0,0,0,0,0
492,1,1,"2021-07-14 11:57:57",3.6,4.5,0,0,0,0,0
493,1,1,"2021-07-14 11:57:57",3.6,4.5,0,0,0,0,0
494,1,1,"2021-07-14 11:57:58",3.6,4.5,0,0,0,0,0
495,1,1,"2021-07-14 11:57:58",3.6,4.5,0,0,0,0,0
496,1,1,"2021-07-14 11:57:58",3.6,4.5,0,0,0,0,0
497,1,1,"2021-07-14 11:57:59",3.6,4.5,0,0,0,0,0
498,1,1,"2021-07-14 11:57:59",3.6,4.5,0,0,0,0,0
499,1,1,"2021-07-14 11:58:00",3.6,4.5,0,0,0,0,0
500,1,1,"2021-07-14 11:58:00",3.6,4.5,0,0,0,0,0
501,1,1,"2021-07-14 11:58:00",3.6,4.5,0,0,0,0,0
502,1,1,"2021-07-14 11:58:01",3.6,4.5,0,0,0,0,0
503,1,1,"2021-07-14 11:58:01",3.6,4.5,0,0,0,0,0
504,1,1,"2021-07-14 11:58:02",3.6,4.5,0,0,0,0,0
505,1,1,"2021-07-14 11:58:02",3.6,4.5,0,0,0,0,0
506,1,1,"2021-07-14 11:58:02",3.6,4.5,0,0,0,0,0
507,1,1,"2021-07-14 11:58:03",3.6,4.5,0,0,0,0,0
508,1,1,"2021-07-14 11:58:03",3.6,4.5,0,0,0,0,0
509,1,1,"2021-07-14 11:58:04",3.6,4.5,0,0,0,0,0
510,1,1,"2021-07-14 11:58:04",3.6,4.5,0,0,0,0,0
511,1,1,"2021-07-14 11:58:04",3.6,4.5,0,0,0,0,0
512,1,1,"2021-07-14 11:58:05",3.6,4.5,0,0,0,0,0
513,1,1,"2021-07-14 11:58:05",3.6,4.5,0,0,0,0,0
514,1,1,"2021-07-14 11:58:06",3.6,4.5,0,0,0,0,0
515,1,1,"2021-07-14 11:58:06",3.6,4.5,0,0,0,0,0
516,1,1,"2021-07-14 11:58:06",3.6,4.5,0,0,0,0,0
517,1,1,"2021-07-14 11:58:07",3.6,4.5,0,0,0,0,0
518,1,1,"2021-07-14 11:58:07",3.6,4.5,0,0,0,0,0
519,1,1,"2021-07-14 11:58:08",3.6,4.5,0,0,0,0,0
520,1,1,"2021-07-14 11:58:08",3.6,4.5,0,0,0,0,0
521,1,1,"2021-07-14 11:58:09",3.6,4.5,0,0,0,0,0
522,1,1,"2021-07-14 11:58:09",3.6,4.5,0,0,0,0,0
523,1,1,"2021-07-14 11:58:09",3.6,4.5,0,0,0,0,0
524,1,1,"2021-07-14 11:58:10",3.6,4.5,0,0,0,0,0
525,1,1,"2021-07-14 11:58:10",3.5,4.5,0,0,0,0,0
526,1,1,"2021-07-14 11:58:10",3.6,4.5,0,0,0,0,0
527,1,1,"2021-07-14 11:58:11",3.6,4.5,0,0,0,0,0
528,1,1,"2021-07-14 11:58:11",3.6,4.5,0,0,0,0,0
529,1,1,"2021-07-14 11:58:12",3.6,4.5,0,0,0,0,0
530,1,1,"2021-07-14 11:58:12",3.6,4.5,0,0,0,0,0
531,1,1,"2021-07-14 11:58:12",3.6,4.5,0,0,0,0,0
532,1,1,"2021-07-14 11:58:13",3.6,4.5,0,0,0,0,0
533,1,1,"2021-07-14 11:58:13",3.6,4.5,0,0,0,0,0
534,1,1,"2021-07-14 11:58:14",3.6,4.5,0,0,0,0,0
535,1,1,"2021-07-14 11:58:14",3.6,4.5,0,0,0,0,0
536,1,1,"2021-07-14 11:58:14",3.6,4.5,0,0,0,0,0
537,1,1,"2021-07-14 11:58:15",3.6,4.5,0,0,0,0,0
538,1,1,"2021-07-14 11:58:15",3.6,4.5,0,0,0,0,0
539,1,1,"2021-07-14 11:58:16",3.6,4.5,0,0,0,0,0
540,1,1,"2021-07-14 11:58:16",3.6,4.5,0,0,0,0,0
541,1,1,"2021-07-14 11:58:16",3.6,4.5,0,0,0,0,0
542,1,1,"2021-07-14 11:58:17",3.6,4.5,0,0,0,0,0
543,1,1,"2021-07-14 11:58:17",3.6,4.5,0,0,0,0,0
544,1,1,"2021-07-14 11:58:18",3.6,4.5,0,0,0,0,0
545,1,1,"2021-07-14 11:58:18",3.6,4.5,0,0,0,0,0
546,1,1,"2021-07-14 11:58:18",3.6,4.5,0,0,0,0,0
547,1,1,"2021-07-14 11:58:19",3.6,4.5,0,0,0,0,0
548,1,1,"2021-07-14 11:58:19",3.6,4.5,0,0,0,0,0
549,1,1,"2021-07-14 11:58:20",3.6,4.5,0,0,0,0,0
550,1,1,"2021-07-14 11:58:20",3.6,4.5,0,0,0,0,0
551,1,1,"2021-07-14 11:58:20",3.6,4.5,0,0,0,0,0
552,1,1,"2021-07-14 11:58:21",3.6,4.5,0,0,0,0,0
553,1,1,"2021-07-14 11:58:21",3.6,4.5,0,0,0,0,0
554,1,1,"2021-07-14 11:58:22",3.6,4.5,0,0,0,0,0
555,1,1,"2021-07-14 11:58:22",3.6,4.5,0,0,0,0,0
556,1,1,"2021-07-14 11:58:22",3.6,4.5,0,0,0,0,0
557,1,1,"2021-07-14 11:58:23",3.6,4.5,0,0,0,0,0
558,1,1,"2021-07-14 11:58:23",3.6,4.5,0,0,0,0,0
559,1,1,"2021-07-14 11:58:24",3.6,4.5,0,0,0,0,0
560,1,1,"2021-07-14 11:58:24",3.6,4.5,0,0,0,0,0
561,1,1,"2021-07-14 11:58:24",3.6,4.5,0,0,0,0,0
562,1,1,"2021-07-14 11:58:25",3.6,4.5,0,0,0,0,0
563,1,1,"2021-07-14 11:58:25",3.6,4.5,0,0,0,0,0
564,1,1,"2021-07-14 11:58:26",3.6,4.5,0,0,0,0,0
565,1,1,"2021-07-14 11:58:26",3.6,4.5,0,0,0,0,0
566,1,1,"2021-07-14 11:58:26",3.6,4.5,0,0,0,0,0
567,1,1,"2021-07-14 11:58:27",3.6,4.5,0,0,0,0,0
568,1,1,"2021-07-14 11:58:27",3.6,4.5,0,0,0,0,0
569,1,1,"2021-07-14 11:58:28",3.6,4.5,0,0,0,0,0
570,1,1,"2021-07-14 11:58:28",3.6,4.5,0,0,0,0,0
571,1,1,"2021-07-14 11:58:28",3.6,4.5,0,0,0,0,0
572,1,1,"2021-07-14 11:58:29",3.6,4.5,0,0,0,0,0
573,1,1,"2021-07-14 11:58:29",3.6,4.5,0,0,0,0,0
574,1,1,"2021-07-14 11:58:30",3.6,4.5,0,0,0,0,0
575,1,1,"2021-07-14 11:58:30",3.6,4.5,0,0,0,0,0
576,1,1,"2021-07-14 11:58:30",3.6,4.5,0,0,0,0,0
577,1,1,"2021-07-14 11:58:31",3.6,4.5,0,0,0,0,0
578,1,1,"2021-07-14 11:58:31",3.6,4.5,0,0,0,0,0
579,1,1,"2021-07-14 11:58:32",3.6,4.5,0,0,0,0,0
580,1,1,"2021-07-14 11:58:32",3.6,4.5,0,0,0,0,0
581,1,1,"2021-07-14 11:58:32",3.6,4.5,0,0,0,0,0
582,1,1,"2021-07-14 11:58:33",3.6,4.5,0,0,0,0,0
583,1,1,"2021-07-14 11:58:33",3.6,4.5,0,0,0,0,0
584,1,1,"2021-07-14 11:58:34",3.6,4.5,0,0,0,0,0
585,1,1,"2021-07-14 11:58:34",3.6,4.5,0,0,0,0,0
586,1,1,"2021-07-14 11:58:34",3.6,4.5,0,0,0,0,0
587,1,1,"2021-07-14 11:58:35",3.6,4.5,0,0,0,0,0
588,1,1,"2021-07-14 11:58:35",3.6,4.5,0,0,0,0,0
589,1,1,"2021-07-14 11:58:36",3.6,4.5,0,0,0,0,0
590,1,1,"2021-07-14 11:58:36",3.6,4.5,0,0,0,0,0
591,1,1,"2021-07-14 11:58:36",3.6,4.5,0,0,0,0,0
592,1,1,"2021-07-14 11:58:37",3.6,4.5,0,0,0,0,0
593,1,1,"2021-07-14 11:58:37",3.6,4.5,0,0,0,0,0
594,1,1,"2021-07-14 11:58:38",3.5,4.5,0,0,0,0,0
595,1,1,"2021-07-14 11:58:38",3.6,4.5,0,0,0,0,0
596,1,1,"2021-07-14 11:58:39",3.5,4.5,0,0,0,0,0
597,1,1,"2021-07-14 11:58:39",3.6,4.5,0,0,0,0,0
598,1,1,"2021-07-14 11:58:39",3.6,4.5,0,0,0,0,0
599,1,1,"2021-07-14 11:58:40",3.6,4.5,0,0,0,0,0
600,1,1,"2021-07-14 11:58:40",3.6,4.5,0,0,0,0,0
601,1,1,"2021-07-14 11:58:41",3.6,4.5,0,0,0,0,0
602,1,1,"2021-07-14 11:58:41",3.6,4.5,0,0,0,0,0
603,1,1,"2021-07-14 11:58:41",3.6,4.5,0,0,0,0,0
604,1,1,"2021-07-14 11:58:42",3.5,4.5,0,0,0,0,0
605,1,1,"2021-07-14 11:58:42",3.6,4.5,0,0,0,0,0
606,1,1,"2021-07-14 11:58:43",3.6,4.5,0,0,0,0,0
607,1,1,"2021-07-14 11:58:43",3.6,4.5,0,0,0,0,0
608,1,1,"2021-07-14 11:58:43",3.6,4.5,0,0,0,0,0
609,1,1,"2021-07-14 11:58:44",3.5,4.5,0,0,0,0,0
610,1,1,"2021-07-14 11:58:44",3.6,4.5,0,0,0,0,0
611,1,1,"2021-07-14 11:58:45",3.6,4.5,0,0,0,0,0
612,1,1,"2021-07-14 11:58:45",3.5,4.5,0,0,0,0,0
613,1,1,"2021-07-14 11:58:45",3.6,4.5,0,0,0,0,0
614,1,1,"2021-07-14 11:58:46",3.6,4.5,0,0,0,0,0
615,1,1,"2021-07-14 11:58:46",3.6,4.5,0,0,0,0,0
616,1,1,"2021-07-14 11:58:47",3.5,4.5,0,0,0,0,0
617,1,1,"2021-07-14 11:58:47",3.5,4.5,0,0,0,0,0
618,1,1,"2021-07-14 11:58:47",3.6,4.5,0,0,0,0,0
619,1,1,"2021-07-14 11:58:48",3.6,4.5,0,0,0,0,0
620,1,1,"2021-07-14 11:58:48",3.6,4.5,0,0,0,0,0
621,1,1,"2021-07-14 11:58:49",3.5,4.5,0,0,0,0,0
622,1,1,"2021-07-14 11:58:49",3.5,4.5,0,0,0,0,0
623,1,1,"2021-07-14 11:58:49",3.5,4.5,0,0,0,0,0
624,1,1,"2021-07-14 11:58:50",3.6,4.5,0,0,0,0,0
625,1,1,"2021-07-14 11:58:50",3.6,4.5,0,0,0,0,0
626,1,1,"2021-07-14 11:58:51",3.6,4.5,0,0,0,0,0
627,1,1,"2021-07-14 11:58:51",3.5,4.5,0,0,0,0,0
628,1,1,"2021-07-14 11:58:51",3.6,4.5,0,0,0,0,0
629,1,1,"2021-07-14 11:58:52",3.6,4.5,0,0,0,0,0
630,1,1,"2021-07-14 11:58:52",3.5,4.5,0,0,0,0,0
631,1,1,"2021-07-14 11:58:53",3.6,4.5,0,0,0,0,0
632,1,1,"2021-07-14 11:58:53",3.5,4.5,0,0,0,0,0
633,1,1,"2021-07-14 11:58:53",3.6,4.5,0,0,0,0,0
634,1,1,"2021-07-14 11:58:54",3.5,4.5,0,0,0,0,0
635,1,1,"2021-07-14 11:58:54",3.5,4.5,0,0,0,0,0
636,1,1,"2021-07-14 11:58:55",3.5,4.5,0,0,0,0,0
637,1,1,"2021-07-14 11:58:55",3.5,4.5,0,0,0,0,0
638,1,1,"2021-07-14 11:58:55",3.5,4.5,0,0,0,0,0
639,1,1,"2021-07-14 11:58:56",3.6,4.5,0,0,0,0,0
640,1,1,"2021-07-14 11:58:56",3.6,4.5,0,0,0,0,0
641,1,1,"2021-07-14 11:58:57",3.6,4.5,0,0,0,0,0
642,1,1,"2021-07-14 11:58:57",3.5,4.5,0,0,0,0,0
643,1,1,"2021-07-14 11:58:57",3.6,4.5,0,0,0,0,0
644,1,1,"2021-07-14 11:58:58",3.6,4.5,0,0,0,0,0
645,1,1,"2021-07-14 11:58:58",3.6,4.5,0,0,0,0,0
646,1,1,"2021-07-14 11:58:59",3.6,4.5,0,0,0,0,0
647,1,1,"2021-07-14 11:58:59",3.6,4.5,0,0,0,0,0
648,1,1,"2021-07-14 11:58:59",3.6,4.5,0,0,0,0,0
649,1,1,"2021-07-14 11:59:00",3.6,4.5,0,0,0,0,0
650,1,1,"2021-07-14 11:59:00",3.6,4.5,0,0,0,0,0
651,1,1,"2021-07-14 11:59:01",3.6,4.5,0,0,0,0,0
652,1,1,"2021-07-14 11:59:01",3.6,4.5,0,0,0,0,0
653,1,1,"2021-07-14 11:59:01",3.6,4.5,0,0,0,0,0
654,1,1,"2021-07-14 11:59:02",3.6,4.5,0,0,0,0,0
655,1,1,"2021-07-14 11:59:02",3.6,4.5,0,0,0,0,0
656,1,1,"2021-07-14 11:59:03",3.6,4.5,0,0,0,0,0
657,1,1,"2021-07-14 11:59:03",3.6,4.5,0,0,0,0,0
658,1,1,"2021-07-14 11:59:03",3.6,4.5,0,0,0,0,0
659,1,1,"2021-07-14 11:59:04",3.6,4.5,0,0,0,0,0
660,1,1,"2021-07-14 11:59:04",3.6,4.5,0,0,0,0,0
661,1,1,"2021-07-14 11:59:05",3.6,4.5,0,0,0,0,0
662,1,1,"2021-07-14 11:59:05",3.6,4.5,0,0,0,0,0
663,1,1,"2021-07-14 11:59:05",3.6,4.5,0,0,0,0,0
664,1,1,"2021-07-14 11:59:06",3.6,4.5,0,0,0,0,0
665,1,1,"2021-07-14 11:59:06",3.6,4.5,0,0,0,0,0
666,1,1,"2021-07-14 11:59:07",3.6,4.5,0,0,0,0,0
667,1,1,"2021-07-14 11:59:07",3.6,4.5,0,0,0,0,0
668,1,1,"2021-07-14 11:59:07",3.6,4.5,0,0,0,0,0
669,1,1,"2021-07-14 11:59:08",3.6,4.5,0,0,0,0,0
670,1,1,"2021-07-14 11:59:08",3.6,4.5,0,0,0,0,0
671,1,1,"2021-07-14 11:59:09",3.6,4.5,0,0,0,0,0
672,1,1,"2021-07-14 11:59:09",3.6,4.5,0,0,0,0,0
673,1,1,"2021-07-14 11:59:09",3.6,4.5,0,0,0,0,0
674,1,1,"2021-07-14 11:59:10",3.6,4.5,0,0,0,0,0
675,1,1,"2021-07-14 11:59:10",3.6,4.5,0,0,0,0,0
676,1,1,"2021-07-14 11:59:11",3.6,4.5,0,0,0,0,0
677,1,1,"2021-07-14 11:59:11",3.6,4.5,0,0,0,0,0
678,1,1,"2021-07-14 11:59:11",3.6,4.5,0,0,0,0,0
679,1,1,"2021-07-14 11:59:12",3.6,4.5,0,0,0,0,0
680,1,1,"2021-07-14 11:59:12",3.6,4.5,0,0,0,0,0
681,1,1,"2021-07-14 11:59:13",3.6,4.5,0,0,0,0,0
682,1,1,"2021-07-14 11:59:13",3.6,4.5,0,0,0,0,0
683,1,1,"2021-07-14 11:59:13",3.6,4.5,0,0,0,0,0
684,1,1,"2021-07-14 11:59:14",3.6,4.5,0,0,0,0,0
685,1,1,"2021-07-14 11:59:14",3.6,4.5,0,0,0,0,0
686,1,1,"2021-07-14 11:59:15",3.5,4.5,0,0,0,0,0
687,1,1,"2021-07-14 11:59:15",3.6,4.5,0,0,0,0,0
688,1,1,"2021-07-14 11:59:15",3.5,4.5,0,0,0,0,0
689,1,1,"2021-07-14 11:59:16",3.5,4.5,0,0,0,0,0
690,1,1,"2021-07-14 11:59:16",3.5,4.5,0,0,0,0,0
691,1,1,"2021-07-14 11:59:17",3.5,4.5,0,0,0,0,0
692,1,1,"2021-07-14 11:59:17",3.6,4.5,0,0,0,0,0
693,1,1,"2021-07-14 11:59:17",3.6,4.5,0,0,0,0,0
694,1,1,"2021-07-14 11:59:18",3.6,4.5,0,0,0,0,0
695,1,1,"2021-07-14 11:59:18",3.6,4.5,0,0,0,0,0
696,1,1,"2021-07-14 11:59:19",3.6,4.5,0,0,0,0,0
697,1,1,"2021-07-14 11:59:19",3.6,4.5,0,0,0,0,0
698,1,1,"2021-07-14 11:59:19",3.6,4.5,0,0,0,0,0
699,1,1,"2021-07-14 11:59:20",3.6,4.5,0,0,0,0,0
700,1,1,"2021-07-14 11:59:20",3.6,4.5,0,0,0,0,0
701,1,1,"2021-07-14 11:59:21",3.6,4.5,0,0,0,0,0
702,1,1,"2021-07-14 11:59:21",3.6,4.5,0,0,0,0,0
703,1,1,"2021-07-14 11:59:21",3.6,4.5,0,0,0,0,0
704,1,1,"2021-07-14 11:59:22",3.6,4.5,0,0,0,0,0
705,1,1,"2021-07-14 11:59:22",3.6,4.5,0,0,0,0,0
706,1,1,"2021-07-14 11:59:23",3.5,4.5,0,0,0,0,0
707,1,1,"2021-07-14 11:59:23",3.6,4.5,0,0,0,0,0
708,1,1,"2021-07-14 11:59:24",3.6,4.5,0,0,0,0,0
709,1,1,"2021-07-14 11:59:24",3.6,4.5,0,0,0,0,0
710,1,1,"2021-07-14 11:59:24",3.6,4.5,0,0,0,0,0
711,1,1,"2021-07-14 11:59:25",3.6,4.5,0,0,0,0,0
712,1,1,"2021-07-14 11:59:25",3.6,4.5,0,0,0,0,0
713,1,1,"2021-07-14 11:59:25",3.6,4.5,0,0,0,0,0
714,1,1,"2021-07-14 11:59:26",3.6,4.5,0,0,0,0,0
715,1,1,"2021-07-14 11:59:26",3.6,4.5,0,0,0,0,0
716,1,1,"2021-07-14 11:59:27",3.6,4.5,0,0,0,0,0
717,1,1,"2021-07-14 11:59:27",3.6,4.5,0,0,0,0,0
718,1,1,"2021-07-14 11:59:28",3.6,4.5,0,0,0,0,0
719,1,1,"2021-07-14 11:59:28",3.6,4.5,0,0,0,0,0
720,1,1,"2021-07-14 11:59:28",3.6,4.5,0,0,0,0,0
721,1,1,"2021-07-14 11:59:29",3.6,4.5,0,0,0,0,0
722,1,1,"2021-07-14 11:59:29",3.6,4.5,0,0,0,0,0
723,1,1,"2021-07-14 11:59:29",3.6,4.5,0,0,0,0,0
724,1,1,"2021-07-14 11:59:30",3.6,4.5,0,0,0,0,0
725,1,1,"2021-07-14 11:59:30",3.6,4.5,0,0,0,0,0
726,1,1,"2021-07-14 11:59:31",3.6,4.5,0,0,0,0,0
727,1,1,"2021-07-14 11:59:31",3.6,4.5,0,0,0,0,0
728,1,1,"2021-07-14 11:59:32",3.6,4.5,0,0,0,0,0
729,1,1,"2021-07-14 11:59:32",3.6,4.5,0,0,0,0,0
730,1,1,"2021-07-14 11:59:32",3.6,4.5,0,0,0,0,0
731,1,1,"2021-07-14 11:59:33",3.6,4.5,0,0,0,0,0
732,1,1,"2021-07-14 11:59:33",3.6,4.5,0,0,0,0,0
733,1,1,"2021-07-14 11:59:34",3.6,4.5,0,0,0,0,0
734,1,1,"2021-07-14 11:59:34",3.6,4.5,0,0,0,0,0
735,1,1,"2021-07-14 11:59:34",3.6,4.5,0,0,0,0,0
736,1,1,"2021-07-14 11:59:35",3.6,4.5,0,0,0,0,0
737,1,1,"2021-07-14 11:59:35",3.6,4.5,0,0,0,0,0
738,1,1,"2021-07-14 11:59:36",3.6,4.5,0,0,0,0,0
739,1,1,"2021-07-14 11:59:36",3.6,4.5,0,0,0,0,0
740,1,1,"2021-07-14 11:59:36",3.6,4.5,0,0,0,0,0
741,1,1,"2021-07-14 11:59:37",3.6,4.5,0,0,0,0,0
742,1,1,"2021-07-14 11:59:37",3.6,4.5,0,0,0,0,0
743,1,1,"2021-07-14 11:59:38",3.6,4.5,0,0,0,0,0
744,1,1,"2021-07-14 11:59:38",3.6,4.5,0,0,0,0,0
745,1,1,"2021-07-14 11:59:38",3.6,4.5,0,0,0,0,0
746,1,1,"2021-07-14 11:59:39",3.6,4.5,0,0,0,0,0
747,1,1,"2021-07-14 11:59:39",3.6,4.5,0,0,0,0,0
748,1,1,"2021-07-14 11:59:40",3.6,4.5,0,0,0,0,0
749,1,1,"2021-07-14 11:59:40",3.6,4.5,0,0,0,0,0
750,1,1,"2021-07-14 11:59:40",3.6,4.5,0,0,0,0,0
751,1,1,"2021-07-14 11:59:41",3.6,4.5,0,0,0,0,0
752,1,1,"2021-07-14 11:59:41",3.6,4.5,0,0,0,0,0
753,1,1,"2021-07-14 11:59:42",3.6,4.5,0,0,0,0,0
754,1,1,"2021-07-14 11:59:42",3.6,4.5,0,0,0,0,0
755,1,1,"2021-07-14 11:59:42",3.6,4.5,0,0,0,0,0
756,1,1,"2021-07-14 11:59:43",3.6,4.5,0,0,0,0,0
757,1,1,"2021-07-14 11:59:43",3.6,4.5,0,0,0,0,0
758,1,1,"2021-07-14 11:59:44",3.6,4.5,0,0,0,0,0
759,1,1,"2021-07-14 11:59:44",3.6,4.5,0,0,0,0,0
760,1,1,"2021-07-14 11:59:44",3.6,4.5,0,0,0,0,0
761,1,1,"2021-07-14 11:59:45",3.6,4.5,0,0,0,0,0
762,1,1,"2021-07-14 11:59:45",3.6,4.5,0,0,0,0,0
763,1,1,"2021-07-14 11:59:46",3.6,4.5,0,0,0,0,0
764,1,1,"2021-07-14 11:59:46",3.6,4.5,0,0,0,0,0
765,1,1,"2021-07-14 11:59:46",3.6,4.5,0,0,0,0,0
766,1,1,"2021-07-14 11:59:47",3.6,4.5,0,0,0,0,0
767,1,1,"2021-07-14 11:59:47",3.6,4.5,0,0,0,0,0
768,1,1,"2021-07-14 11:59:48",3.6,4.5,0,0,0,0,0
769,1,1,"2021-07-14 11:59:48",3.6,4.5,0,0,0,0,0
770,1,1,"2021-07-14 11:59:48",3.6,4.5,0,0,0,0,0
771,1,1,"2021-07-14 11:59:49",3.6,4.5,0,0,0,0,0
772,1,1,"2021-07-14 11:59:49",3.6,4.5,0,0,0,0,0
773,1,1,"2021-07-14 11:59:50",3.6,4.5,0,0,0,0,0
774,1,1,"2021-07-14 11:59:50",3.6,4.5,0,0,0,0,0
775,1,1,"2021-07-14 11:59:50",3.6,4.5,0,0,0,0,0
776,1,1,"2021-07-14 11:59:51",3.6,4.5,0,0,0,0,0
777,1,1,"2021-07-14 11:59:51",3.6,4.5,0,0,0,0,0
778,1,1,"2021-07-14 11:59:52",3.6,4.5,0,0,0,0,0
779,1,1,"2021-07-14 11:59:52",3.6,4.5,0,0,0,0,0
780,1,1,"2021-07-14 11:59:52",3.6,4.5,0,0,0,0,0
781,1,1,"2021-07-14 11:59:53",3.6,4.5,0,0,0,0,0
782,1,1,"2021-07-14 11:59:53",3.6,4.5,0,0,0,0,0
783,1,1,"2021-07-14 11:59:54",3.6,4.5,0,0,0,0,0
784,1,1,"2021-07-14 11:59:54",3.6,4.5,0,0,0,0,0
785,1,1,"2021-07-14 11:59:54",3.6,4.5,0,0,0,0,0
786,1,1,"2021-07-14 11:59:55",3.6,4.5,0,0,0,0,0
787,1,1,"2021-07-14 11:59:55",3.6,4.5,0,0,0,0,0
788,1,1,"2021-07-14 11:59:56",3.6,4.5,0,0,0,0,0
789,1,1,"2021-07-14 11:59:56",3.6,4.5,0,0,0,0,0
790,1,1,"2021-07-14 11:59:56",3.6,4.5,0,0,0,0,0
791,1,1,"2021-07-14 11:59:57",3.6,4.5,0,0,0,0,0
792,1,1,"2021-07-14 11:59:57",3.6,4.5,0,0,0,0,0
793,1,1,"2021-07-14 11:59:58",3.6,4.5,0,0,0,0,0
794,1,1,"2021-07-14 11:59:58",3.6,4.5,0,0,0,0,0
795,1,1,"2021-07-14 11:59:58",3.6,4.5,0,0,0,0,0
796,1,1,"2021-07-14 11:59:59",3.6,4.5,0,0,0,0,0
797,1,1,"2021-07-14 11:59:59",3.6,4.5,0,0,0,0,0
798,1,1,"2021-07-14 12:00:00",3.6,4.5,0,0,0,0,0
799,1,1,"2021-07-14 12:00:00",3.6,4.5,0,0,0,0,0
800,1,1,"2021-07-14 12:00:00",3.6,4.5,0,0,0,0,0
801,1,1,"2021-07-14 12:00:01",3.6,4.5,0,0,0,0,0
802,1,1,"2021-07-14 12:00:01",3.6,4.5,0,0,0,0,0
803,1,1,"2021-07-14 12:00:02",3.6,4.5,0,0,0,0,0
804,1,1,"2021-07-14 12:00:02",3.6,4.5,0,0,0,0,0
805,1,1,"2021-07-14 12:00:02",3.6,4.5,0,0,0,0,0
806,1,1,"2021-07-14 12:00:03",3.6,4.5,0,0,0,0,0
807,1,1,"2021-07-14 12:00:03",3.6,4.5,0,0,0,0,0
808,1,1,"2021-07-14 12:00:04",3.6,4.5,0,0,0,0,0
809,1,1,"2021-07-14 12:00:04",3.6,4.5,0,0,0,0,0
810,1,1,"2021-07-14 12:00:04",3.6,4.5,0,0,0,0,0
811,1,1,"2021-07-14 12:00:05",3.6,4.5,0,0,0,0,0
812,1,1,"2021-07-14 12:00:05",3.6,4.5,0,0,0,0,0
813,1,1,"2021-07-14 12:00:06",3.6,4.5,0,0,0,0,0
814,1,1,"2021-07-14 12:00:06",3.6,4.5,0,0,0,0,0
815,1,1,"2021-07-14 12:00:06",3.6,4.5,0,0,0,0,0
816,1,1,"2021-07-14 12:00:07",3.6,4.5,0,0,0,0,0
817,1,1,"2021-07-14 12:00:07",3.6,4.5,0,0,0,0,0
818,1,1,"2021-07-14 12:00:08",3.6,4.5,0,0,0,0,0
819,1,1,"2021-07-14 12:00:08",3.6,4.5,0,0,0,0,0
820,1,1,"2021-07-14 12:00:08",3.6,4.5,0,0,0,0,0
821,1,1,"2021-07-14 12:00:09",3.6,4.5,0,0,0,0,0
822,1,1,"2021-07-14 12:00:09",3.6,4.5,0,0,0,0,0
823,1,1,"2021-07-14 12:00:10",3.6,4.5,0,0,0,0,0
824,1,1,"2021-07-14 12:00:10",3.6,4.5,0,0,0,0,0
825,1,1,"2021-07-14 12:00:10",3.6,4.5,0,0,0,0,0
826,1,1,"2021-07-14 12:00:11",3.6,4.5,0,0,0,0,0
827,1,1,"2021-07-14 12:00:11",3.6,4.5,0,0,0,0,0
828,1,1,"2021-07-14 12:00:12",3.6,4.5,0,0,0,0,0
829,1,1,"2021-07-14 12:00:12",3.6,4.5,0,0,0,0,0
830,1,1,"2021-07-14 12:00:12",3.6,4.5,0,0,0,0,0
831,1,1,"2021-07-14 12:00:13",3.6,4.5,0,0,0,0,0
832,1,1,"2021-07-14 12:00:13",3.6,4.5,0,0,0,0,0
833,1,1,"2021-07-14 12:00:14",3.6,4.5,0,0,0,0,0
834,1,1,"2021-07-14 12:00:14",3.6,4.5,0,0,0,0,0
835,1,1,"2021-07-14 12:00:15",3.6,4.5,0,0,0,0,0
836,1,1,"2021-07-14 12:00:15",3.6,4.5,0,0,0,0,0
837,1,1,"2021-07-14 12:00:15",3.6,4.5,0,0,0,0,0
838,1,1,"2021-07-14 12:00:16",3.6,4.5,0,0,0,0,0
839,1,1,"2021-07-14 12:00:16",3.6,4.5,0,0,0,0,0
840,1,1,"2021-07-14 12:00:17",3.6,4.5,0,0,0,0,0
841,1,1,"2021-07-14 12:00:17",3.6,4.5,0,0,0,0,0
842,1,1,"2021-07-14 12:00:17",3.6,4.5,0,0,0,0,0
843,1,1,"2021-07-14 12:00:18",3.6,4.5,0,0,0,0,0
844,1,1,"2021-07-14 12:00:18",3.6,4.5,0,0,0,0,0
845,1,1,"2021-07-14 12:00:18",3.6,4.5,0,0,0,0,0
846,1,1,"2021-07-14 12:00:19",3.6,4.5,0,0,0,0,0
847,1,1,"2021-07-14 12:00:19",3.6,4.5,0,0,0,0,0
848,1,1,"2021-07-14 12:00:20",3.6,4.5,0,0,0,0,0
849,1,1,"2021-07-14 12:00:20",3.6,4.5,0,0,0,0,0
850,1,1,"2021-07-14 12:00:21",3.6,4.5,0,0,0,0,0
851,1,1,"2021-07-14 12:00:21",3.6,4.5,0,0,0,0,0
852,1,1,"2021-07-14 12:00:21",3.6,4.5,0,0,0,0,0
853,1,1,"2021-07-14 12:00:22",3.6,4.5,0,0,0,0,0
854,1,1,"2021-07-14 12:00:22",3.6,4.5,0,0,0,0,0
855,1,1,"2021-07-14 12:00:23",3.6,4.5,0,0,0,0,0
856,1,1,"2021-07-14 12:00:23",3.6,4.5,0,0,0,0,0
857,1,1,"2021-07-14 12:00:23",3.6,4.5,0,0,0,0,0
858,1,1,"2021-07-14 12:00:24",3.6,4.5,0,0,0,0,0
859,1,1,"2021-07-14 12:00:24",3.6,4.5,0,0,0,0,0
860,1,1,"2021-07-14 12:00:25",3.6,4.5,0,0,0,0,0
861,1,1,"2021-07-14 12:00:25",3.6,4.5,0,0,0,0,0
862,1,1,"2021-07-14 12:00:25",3.6,4.5,0,0,0,0,0
863,1,1,"2021-07-14 12:00:26",3.6,4.5,0,0,0,0,0
864,1,1,"2021-07-14 12:00:26",3.6,4.5,0,0,0,0,0
865,1,1,"2021-07-14 12:00:27",3.6,4.5,0,0,0,0,0
866,1,1,"2021-07-14 12:00:27",3.6,4.5,0,0,0,0,0
867,1,1,"2021-07-14 12:00:27",3.6,4.5,0,0,0,0,0
868,1,1,"2021-07-14 12:00:28",3.6,4.5,0,0,0,0,0
869,1,1,"2021-07-14 12:00:28",3.6,4.5,0,0,0,0,0
870,1,1,"2021-07-14 12:00:29",3.6,4.5,0,0,0,0,0
871,1,1,"2021-07-14 12:00:29",3.6,4.5,0,0,0,0,0
872,1,1,"2021-07-14 12:00:29",3.6,4.5,0,0,0,0,0
873,1,1,"2021-07-14 12:00:30",3.6,4.5,0,0,0,0,0
874,1,1,"2021-07-14 12:00:30",3.6,4.5,0,0,0,0,0
875,1,1,"2021-07-14 12:00:31",3.6,4.5,0,0,0,0,0
876,1,1,"2021-07-14 12:00:31",3.6,4.5,0,0,0,0,0
877,1,1,"2021-07-14 12:00:31",3.6,4.5,0,0,0,0,0
878,1,1,"2021-07-14 12:00:32",3.6,4.5,0,0,0,0,0
879,1,1,"2021-07-14 12:00:32",3.6,4.5,0,0,0,0,0
880,1,1,"2021-07-14 12:00:33",3.6,4.5,0,0,0,0,0
881,1,1,"2021-07-14 12:00:33",3.6,4.5,0,0,0,0,0
882,1,1,"2021-07-14 12:00:33",3.6,4.5,0,0,0,0,0
883,1,1,"2021-07-14 12:00:34",3.6,4.5,0,0,0,0,0
884,1,1,"2021-07-14 12:00:34",3.6,4.5,0,0,0,0,0
885,1,1,"2021-07-14 12:00:35",3.6,4.5,0,0,0,0,0
886,1,1,"2021-07-14 12:00:35",3.6,4.5,0,0,0,0,0
887,1,1,"2021-07-14 12:00:35",3.6,4.5,0,0,0,0,0
888,1,1,"2021-07-14 12:00:36",3.6,4.5,0,0,0,0,0
889,1,1,"2021-07-14 12:00:36",3.6,4.5,0,0,0,0,0
890,1,1,"2021-07-14 12:00:37",3.6,4.5,0,0,0,0,0
891,1,1,"2021-07-14 12:00:37",3.6,4.5,0,0,0,0,0
892,1,1,"2021-07-14 12:00:37",3.6,4.5,0,0,0,0,0
893,1,1,"2021-07-14 12:00:38",3.6,4.5,0,0,0,0,0
894,1,1,"2021-07-14 12:00:38",3.6,4.5,0,0,0,0,0
895,1,1,"2021-07-14 12:00:39",3.6,4.5,0,0,0,0,0
896,1,1,"2021-07-14 12:00:39",3.6,4.5,0,0,0,0,0
897,1,1,"2021-07-14 12:00:39",3.6,4.5,0,0,0,0,0
898,1,1,"2021-07-14 12:00:40",3.6,4.5,0,0,0,0,0
899,1,1,"2021-07-14 12:00:40",3.6,4.5,0,0,0,0,0
900,1,1,"2021-07-14 12:00:41",3.6,4.5,0,0,0,0,0
901,1,1,"2021-07-14 12:00:41",3.6,4.5,0,0,0,0,0
902,1,1,"2021-07-14 12:00:41",3.6,4.5,0,0,0,0,0
903,1,1,"2021-07-14 12:00:42",3.6,4.5,0,0,0,0,0
904,1,1,"2021-07-14 12:00:42",3.6,4.5,0,0,0,0,0
905,1,1,"2021-07-14 12:00:43",3.6,4.5,0,0,0,0,0
906,1,1,"2021-07-14 12:00:43",3.6,4.5,0,0,0,0,0
907,1,1,"2021-07-14 12:00:43",3.6,4.5,0,0,0,0,0
908,1,1,"2021-07-14 12:00:44",3.6,4.5,0,0,0,0,0
909,1,1,"2021-07-14 12:00:44",3.6,4.5,0,0,0,0,0
910,1,1,"2021-07-14 12:00:45",3.6,4.5,0,0,0,0,0
911,1,1,"2021-07-14 12:00:45",3.6,4.5,0,0,0,0,0
912,1,1,"2021-07-14 12:00:45",3.6,4.5,0,0,0,0,0
913,1,1,"2021-07-14 12:00:46",3.6,4.5,0,0,0,0,0
914,1,1,"2021-07-14 12:00:46",3.6,4.5,0,0,0,0,0
915,1,1,"2021-07-14 12:00:47",3.6,4.5,0,0,0,0,0
916,1,1,"2021-07-14 12:00:47",3.6,4.5,0,0,0,0,0
917,1,1,"2021-07-14 12:00:47",3.6,4.5,0,0,0,0,0
918,1,1,"2021-07-14 12:00:48",3.6,4.5,0,0,0,0,0
919,1,1,"2021-07-14 12:00:48",3.6,4.5,0,0,0,0,0
920,1,1,"2021-07-14 12:00:49",3.6,4.5,0,0,0,0,0
921,1,1,"2021-07-14 12:00:49",3.6,4.5,0,0,0,0,0
922,1,1,"2021-07-14 12:00:49",3.6,4.5,0,0,0,0,0
923,1,1,"2021-07-14 12:00:50",3.6,4.5,0,0,0,0,0
924,1,1,"2021-07-14 12:00:50",3.6,4.5,0,0,0,0,0
925,1,1,"2021-07-14 12:00:51",3.6,4.5,0,0,0,0,0
926,1,1,"2021-07-14 12:00:51",3.6,4.5,0,0,0,0,0
927,1,1,"2021-07-14 12:00:51",3.6,4.5,0,0,0,0,0
928,1,1,"2021-07-14 12:00:52",3.6,4.5,0,0,0,0,0
929,1,1,"2021-07-14 12:00:52",3.6,4.5,0,0,0,0,0
930,1,1,"2021-07-14 12:00:53",3.6,4.5,0,0,0,0,0
931,1,1,"2021-07-14 12:00:53",3.6,4.5,0,0,0,0,0
932,1,1,"2021-07-14 12:00:53",3.6,4.5,0,0,0,0,0
933,1,1,"2021-07-14 12:00:54",3.6,4.5,0,0,0,0,0
934,1,1,"2021-07-14 12:00:54",3.6,4.5,0,0,0,0,0
935,1,1,"2021-07-14 12:00:55",3.6,4.5,0,0,0,0,0
936,1,1,"2021-07-14 12:00:55",3.6,4.5,0,0,0,0,0
937,1,1,"2021-07-14 12:00:55",3.6,4.5,0,0,0,0,0
938,1,1,"2021-07-14 12:00:56",3.6,4.5,0,0,0,0,0
939,1,1,"2021-07-14 12:00:56",3.6,4.5,0,0,0,0,0
940,1,1,"2021-07-14 12:00:57",3.6,4.5,0,0,0,0,0
941,1,1,"2021-07-14 12:00:57",3.6,4.5,0,0,0,0,0
942,1,1,"2021-07-14 12:00:57",3.6,4.5,0,0,0,0,0
943,1,1,"2021-07-14 12:00:58",3.6,4.5,0,0,0,0,0
944,1,1,"2021-07-14 12:00:58",3.6,4.5,0,0,0,0,0
945,1,1,"2021-07-14 12:00:59",3.6,4.5,0,0,0,0,0
946,1,1,"2021-07-14 12:00:59",3.6,4.5,0,0,0,0,0
947,1,1,"2021-07-14 12:00:59",3.6,4.5,0,0,0,0,0
948,1,1,"2021-07-14 12:01:00",3.6,4.5,0,0,0,0,0
949,1,1,"2021-07-14 12:01:00",3.6,4.5,0,0,0,0,0
950,1,1,"2021-07-14 12:01:01",3.6,4.5,0,0,0,0,0
951,1,1,"2021-07-14 12:01:01",3.6,4.5,0,0,0,0,0
952,1,1,"2021-07-14 12:01:01",3.6,4.5,0,0,0,0,0
953,1,1,"2021-07-14 12:01:02",3.6,4.5,0,0,0,0,0
954,1,1,"2021-07-14 12:01:02",3.6,4.5,0,0,0,0,0
955,1,1,"2021-07-14 12:01:03",3.6,4.5,0,0,0,0,0
956,1,1,"2021-07-14 12:01:03",3.6,4.5,0,0,0,0,0
957,1,1,"2021-07-14 12:01:04",3.6,4.5,0,0,0,0,0
958,1,1,"2021-07-14 12:01:04",3.6,4.5,0,0,0,0,0
959,1,1,"2021-07-14 12:01:04",3.6,4.5,0,0,0,0,0
960,1,1,"2021-07-14 12:01:05",3.6,4.5,0,0,0,0,0
961,1,1,"2021-07-14 12:01:05",3.6,4.5,0,0,0,0,0
962,1,1,"2021-07-14 12:01:05",3.6,4.5,0,0,0,0,0
963,1,1,"2021-07-14 12:01:06",3.6,4.5,0,0,0,0,0
964,1,1,"2021-07-14 12:01:06",3.6,4.5,0,0,0,0,0
965,1,1,"2021-07-14 12:01:07",3.6,4.5,0,0,0,0,0
966,1,1,"2021-07-14 12:01:07",3.6,4.5,0,0,0,0,0
967,1,1,"2021-07-14 12:01:08",3.6,4.5,0,0,0,0,0
968,1,1,"2021-07-14 12:01:08",3.6,4.5,0,0,0,0,0
969,1,1,"2021-07-14 12:01:08",3.6,4.5,0,0,0,0,0
970,1,1,"2021-07-14 12:01:09",3.6,4.5,0,0,0,0,0
971,1,1,"2021-07-14 12:01:09",3.6,4.5,0,0,0,0,0
972,1,1,"2021-07-14 12:01:10",3.6,4.5,0,0,0,0,0
973,1,1,"2021-07-14 12:01:10",3.6,4.5,0,0,0,0,0
974,1,1,"2021-07-14 12:01:10",3.6,4.5,0,0,0,0,0
975,1,1,"2021-07-14 12:01:11",3.6,4.5,0,0,0,0,0
976,1,1,"2021-07-14 12:01:11",3.6,4.5,0,0,0,0,0
977,1,1,"2021-07-14 12:01:12",3.6,4.5,0,0,0,0,0
978,1,1,"2021-07-14 12:01:12",3.6,4.5,0,0,0,0,0
979,1,1,"2021-07-14 12:01:12",3.6,4.5,0,0,0,0,0
980,1,1,"2021-07-14 12:01:13",3.6,4.5,0,0,0,0,0
981,1,1,"2021-07-14 12:01:13",3.6,4.5,0,0,0,0,0
982,1,1,"2021-07-14 12:01:14",3.6,4.5,0,0,0,0,0
983,1,1,"2021-07-14 12:01:14",3.6,4.5,0,0,0,0,0
984,1,1,"2021-07-14 12:01:14",3.6,4.5,0,0,0,0,0
985,1,1,"2021-07-14 12:01:15",3.6,4.5,0,0,0,0,0
986,1,1,"2021-07-14 12:01:15",3.6,4.5,0,0,0,0,0
987,1,1,"2021-07-14 12:01:16",3.6,4.5,0,0,0,0,0
988,1,1,"2021-07-14 12:01:16",3.6,4.5,0,0,0,0,0
989,1,1,"2021-07-14 12:01:16",3.6,4.5,0,0,0,0,0
990,1,1,"2021-07-14 12:01:17",3.6,4.5,0,0,0,0,0
991,1,1,"2021-07-14 12:01:17",3.6,4.5,0,0,0,0,0
992,1,1,"2021-07-14 12:01:18",3.6,4.5,0,0,0,0,0
993,1,1,"2021-07-14 12:01:18",3.6,4.5,0,0,0,0,0
994,1,1,"2021-07-14 12:01:18",3.6,4.5,0,0,0,0,0
995,1,1,"2021-07-14 12:01:19",3.6,4.5,0,0,0,0,0
996,1,1,"2021-07-14 12:01:19",3.6,4.5,0,0,0,0,0
997,1,1,"2021-07-14 12:01:20",3.6,4.5,0,0,0,0,0
998,1,1,"2021-07-14 12:01:20",3.6,4.5,0,0,0,0,0
999,1,1,"2021-07-14 12:01:20",3.6,4.5,0,0,0,0,0
1000,1,1,"2021-07-14 12:01:21",3.6,4.5,0,0,0,0,0
